<?xml version="1.0" ?>
<manifest identifier="DOl0nbiT_1C2HSI73Lqh_M1zMWGoaQtsXjRxJt1C" version="1"
  xmlns="http://www.imsproject.org/xsd/imscp_rootv1p1p2"
  xmlns:adlcp="http://www.adlnet.org/xsd/adlcp_rootv1p2"
  xmlns:xsi="http://www.w3.org/2001/XMLSchema-instance"
  xsi:schemaLocation="http://www.imsproject.org/xsd/imscp_rootv1p1p2 imscp_rootv1p1p2.xsd
                      http://www.adlnet.org/xsd/adlcp_rootv1p2 adlcp_rootv1p2.xsd">
  <metadata>
    <schema>ADL SCORM</schema>
    <schemaversion>1.2</schemaversion>
    <adlcp:location>metadata.xml</adlcp:location> 
  </metadata>
  <organizations default="articulate_rise">
      <organization identifier="articulate_rise">
      <title>&#34;Flip&#34; the Coin: Patient Requests to be Removed from Calling List by Alicia Johnson</title>
      <item identifier="i1" identifierref="r1" isvisible="true">
        <title>&#34;Flip&#34; the Coin: Patient Requests to be Removed from Calling List by Alicia Johnson</title>
        <adlcp:datafromlms>eyJjcHYiOiJYalJ4SnQxQyIsInJsZCI6ZmFsc2V9</adlcp:datafromlms>
      </item>
    </organization>
  </organizations>
  <resources>
    <resource identifier="r1" type="webcontent" adlcp:scormtype="sco" href="scormdriver/indexAPI.html">
      <!-- SCORMDRIVER STUFF -->
      <file href="scormdriver/indexAPI.html" />
      <file href="scormdriver/preloadIntegrity.js" />
      <file href="scormdriver/driverOptions.js" />
      <file href="scormdriver/AICCComm.html" />
      <file href="scormdriver/auto-scripts/AutoBookmark.js" />
      <file href="scormdriver/auto-scripts/AutoCompleteSCO.js" />
      <file href="scormdriver/auto-scripts/CourseExit.js" />
      <file href="scormdriver/blank.html" />
      <file href="scormdriver/goodbye.html" />
      <file href="scormdriver/scormdriver.js" />
      <file href="scormdriver/browsersniff.js" />

      <!-- RUNTIME COMMON STUFF -->
      <file href="scormcontent/index.html" />

      
        <file href="scormcontent/lib/fonts/icomoon.ttf"/>
        <file href="scormcontent/lib/fonts/icomoon.woff"/>

        <file href="scormcontent/lib/icomoon.css"/>
        <file href="scormcontent/lib/player-0.0.11.min.js"/>
        <file href="scormcontent/lib/lzwcompress.js"/>
      

      <!-- FRONTEND BUNDLE ASSETS -->
      <file href="scormcontent/lib/rise/de4e1d07.js" />
<file href="scormcontent/lib/rise/02ed395c.css" />
<file href="scormcontent/lib/rise/8e0fa535.js" />
<file href="scormcontent/lib/rise/7bb4d8dd.css" />
<file href="scormcontent/lib/rise/2ac6d8ec.js" />
<file href="scormcontent/lib/rise/254e83dc.js" />
<file href="scormcontent/lib/rise/c82cca6a.js" />
<file href="scormcontent/lib/rise/40b4cf18.js" />
<file href="scormcontent/lib/rise/399a2e93.js" />
<file href="scormcontent/lib/rise/a607e3d7.js" />
<file href="scormcontent/lib/mondrian/entry.js" />
<file href="scormcontent/lib/mondrian/e83d668b.js" />
<file href="scormcontent/lib/mondrian/f4d88062.js" />
<file href="scormcontent/lib/mondrian/ff63cb8b.js" />
<file href="scormcontent/lib/mondrian/daeabcf0.js" />
<file href="scormcontent/lib/mondrian/fc50ba3e.js" />
<file href="scormcontent/lib/mondrian/09e37aee.js" />
<file href="scormcontent/lib/mondrian/196251cf.js" />
<file href="scormcontent/lib/sandbox/sandbox.html" />
<file href="scormcontent/lib/sandbox/b8fc6988.js" />
<file href="scormcontent/lib/sandbox/4adfab46.css" />


      <!-- RUNTIME CONTENT STUFF -->
      <file href="scormcontent/assets/Yzqb8OyEXxy6bD3X/player-interface.js" />
<file href="scormcontent/assets/Yzqb8OyEXxy6bD3X/analytics-frame.html" />
<file href="scormcontent/assets/Yzqb8OyEXxy6bD3X/html5/data/css/output.min.css" />
<file href="scormcontent/assets/Yzqb8OyEXxy6bD3X/html5/data/js/5XXOQSOVrW4.js" />
<file href="scormcontent/assets/Yzqb8OyEXxy6bD3X/html5/data/js/5epIO8MVpts.js" />
<file href="scormcontent/assets/Yzqb8OyEXxy6bD3X/html5/data/js/5l6Ckz6CfbH.js" />
<file href="scormcontent/assets/Yzqb8OyEXxy6bD3X/html5/data/js/5rJ9CpnvVCS.js" />
<file href="scormcontent/assets/Yzqb8OyEXxy6bD3X/html5/data/js/5tv2c1yrnfn.js" />
<file href="scormcontent/assets/Yzqb8OyEXxy6bD3X/html5/data/js/5uiwAHHCXo4.js" />
<file href="scormcontent/assets/Yzqb8OyEXxy6bD3X/html5/data/js/62BtYjIVav0.js" />
<file href="scormcontent/assets/Yzqb8OyEXxy6bD3X/html5/data/js/646poDLORkz.js" />
<file href="scormcontent/assets/Yzqb8OyEXxy6bD3X/html5/data/js/65kxqmkfCXr.js" />
<file href="scormcontent/assets/Yzqb8OyEXxy6bD3X/html5/data/js/6K1KSuZDgb1.js" />
<file href="scormcontent/assets/Yzqb8OyEXxy6bD3X/html5/data/js/6RsfKNPNDZE.js" />
<file href="scormcontent/assets/Yzqb8OyEXxy6bD3X/html5/data/js/6SE5uqOfdCl.js" />
<file href="scormcontent/assets/Yzqb8OyEXxy6bD3X/html5/data/js/6XopHiNQ7mo.js" />
<file href="scormcontent/assets/Yzqb8OyEXxy6bD3X/html5/data/js/6Yf8eTQGSbK.js" />
<file href="scormcontent/assets/Yzqb8OyEXxy6bD3X/html5/data/js/6ZKdCAw7ZG6.js" />
<file href="scormcontent/assets/Yzqb8OyEXxy6bD3X/html5/data/js/6g1ieI30us0.js" />
<file href="scormcontent/assets/Yzqb8OyEXxy6bD3X/html5/data/js/6izZtK60Ql1.js" />
<file href="scormcontent/assets/Yzqb8OyEXxy6bD3X/html5/data/js/data.js" />
<file href="scormcontent/assets/Yzqb8OyEXxy6bD3X/html5/data/js/frame.js" />
<file href="scormcontent/assets/Yzqb8OyEXxy6bD3X/html5/data/js/paths.js" />
<file href="scormcontent/assets/Yzqb8OyEXxy6bD3X/html5/lib/hls/hls.min.js" />
<file href="scormcontent/assets/Yzqb8OyEXxy6bD3X/html5/lib/scripts/bootstrapper.min.js" />
<file href="scormcontent/assets/Yzqb8OyEXxy6bD3X/html5/lib/scripts/frame.desktop.min.js" />
<file href="scormcontent/assets/Yzqb8OyEXxy6bD3X/html5/lib/scripts/frame.mobile.min.js" />
<file href="scormcontent/assets/Yzqb8OyEXxy6bD3X/html5/lib/scripts/slides.min.js" />
<file href="scormcontent/assets/Yzqb8OyEXxy6bD3X/html5/lib/stylesheets/desktop.min.css" />
<file href="scormcontent/assets/Yzqb8OyEXxy6bD3X/html5/lib/stylesheets/mobile-fonts/open-sans-bold.woff" />
<file href="scormcontent/assets/Yzqb8OyEXxy6bD3X/html5/lib/stylesheets/mobile-fonts/open-sans-light.woff" />
<file href="scormcontent/assets/Yzqb8OyEXxy6bD3X/html5/lib/stylesheets/mobile-fonts/open-sans-regular.woff" />
<file href="scormcontent/assets/Yzqb8OyEXxy6bD3X/html5/lib/stylesheets/mobile.min.css" />
<file href="scormcontent/assets/Yzqb8OyEXxy6bD3X/meta.xml" />
<file href="scormcontent/assets/Yzqb8OyEXxy6bD3X/mobile/5cEDhm9V3f4_B-30.png" />
<file href="scormcontent/assets/Yzqb8OyEXxy6bD3X/mobile/5cEDhm9V3f4_B40.png" />
<file href="scormcontent/assets/Yzqb8OyEXxy6bD3X/mobile/5cEv2zWEhd6_P_0_0_1356_1029.png" />
<file href="scormcontent/assets/Yzqb8OyEXxy6bD3X/mobile/5dLp05s7WO3.png" />
<file href="scormcontent/assets/Yzqb8OyEXxy6bD3X/mobile/5gW0zsQVkNp.png" />
<file href="scormcontent/assets/Yzqb8OyEXxy6bD3X/mobile/5j4HQdsTkFH_P_0_0_1354_1030.png" />
<file href="scormcontent/assets/Yzqb8OyEXxy6bD3X/mobile/5k5DbYIUvay.jpg" />
<file href="scormcontent/assets/Yzqb8OyEXxy6bD3X/mobile/666Bnba9EXE.gif" />
<file href="scormcontent/assets/Yzqb8OyEXxy6bD3X/mobile/666Bnba9EXE_B-20.gif" />
<file href="scormcontent/assets/Yzqb8OyEXxy6bD3X/mobile/6CJvK3bvDLG_P_0_0_1356_1030.png" />
<file href="scormcontent/assets/Yzqb8OyEXxy6bD3X/mobile/6Cq50J4r1mt_P_0_39_1356_991.png" />
<file href="scormcontent/assets/Yzqb8OyEXxy6bD3X/mobile/6dSYuOjHJnr_X.png" />
<file href="scormcontent/assets/Yzqb8OyEXxy6bD3X/mobile/6eYGKd6JWXh_P_0_0_1357_1029.png" />
<file href="scormcontent/assets/Yzqb8OyEXxy6bD3X/mobile/6jj18bntaqh_P_0_0_1357_1030.png" />
<file href="scormcontent/assets/Yzqb8OyEXxy6bD3X/mobile/6liELSqqn79.png" />
<file href="scormcontent/assets/Yzqb8OyEXxy6bD3X/mobile/6oMdupvOcks_X.png" />
<file href="scormcontent/assets/Yzqb8OyEXxy6bD3X/mobile/txt__default_67cIwHuynNX.png" />
<file href="scormcontent/assets/Yzqb8OyEXxy6bD3X/mobile/txt__default_6pXpJvzj3EL.png" />
<file href="scormcontent/assets/Yzqb8OyEXxy6bD3X/story.html" />
<file href="scormcontent/assets/Yzqb8OyEXxy6bD3X/story_content/5XJcWuIu3wj_44100_48_0.mp3" />
<file href="scormcontent/assets/Yzqb8OyEXxy6bD3X/story_content/5g9yNv1pNDi_44100_48_0.mp3" />
<file href="scormcontent/assets/Yzqb8OyEXxy6bD3X/story_content/5gpVvrnBlF8_44100_48_0.mp3" />
<file href="scormcontent/assets/Yzqb8OyEXxy6bD3X/story_content/5loeMm1TNtS_44100_48_0.mp3" />
<file href="scormcontent/assets/Yzqb8OyEXxy6bD3X/story_content/5rmeKfjSQjy_44100_48_0.mp3" />
<file href="scormcontent/assets/Yzqb8OyEXxy6bD3X/story_content/61wFHRStWwz_44100_48_0.mp3" />
<file href="scormcontent/assets/Yzqb8OyEXxy6bD3X/story_content/6GQodZ6vgkb_44100_48_0.mp3" />
<file href="scormcontent/assets/Yzqb8OyEXxy6bD3X/story_content/6MkFKELMDdJ_44100_48_0.mp3" />
<file href="scormcontent/assets/Yzqb8OyEXxy6bD3X/story_content/6QfqKV4mmxG_44100_48_0.mp3" />
<file href="scormcontent/assets/Yzqb8OyEXxy6bD3X/story_content/6bp1zwy9Kjz_44100_48_0.mp3" />
<file href="scormcontent/assets/Yzqb8OyEXxy6bD3X/story_content/6f9ZQfvghA6_44100_48_0.mp3" />
<file href="scormcontent/assets/Yzqb8OyEXxy6bD3X/story_content/6p8aVESmQEJ_44100_48_0.mp3" />
<file href="scormcontent/assets/Yzqb8OyEXxy6bD3X/story_content/thumbnail.jpg" />
<file href="scormcontent/assets/Yzqb8OyEXxy6bD3X/story_content/user.js" />
<file href="scormcontent/assets/Yzqb8OyEXxy6bD3X/threeSixty.json" />
<file href="scormcontent/lib/fonts/DMSans-BoldItalic.woff" />
<file href="scormcontent/lib/fonts/DMSans-Bold.woff" />
<file href="scormcontent/lib/fonts/DMSans-Italic.woff" />
<file href="scormcontent/lib/fonts/DMSans-Regular.woff" />
<file href="scormcontent/lib/fonts/Lato2-Regular.woff" />
<file href="scormcontent/lib/fonts/Lato2-Light.woff" />
<file href="scormcontent/lib/fonts/Lato2-Italic.woff" />
<file href="scormcontent/lib/fonts/Lato2-Bold.woff" />
<file href="scormcontent/lib/fonts/Lato2-Black.woff" />
<file href="scormcontent/lib/fonts/Oswald-Bold.woff" />
<file href="scormcontent/lib/fonts/Oswald-Regular.woff" />
<file href="scormcontent/lib/fonts/Oswald-Light.woff" />
<file href="scormcontent/assets/small_1728487223296.png" />
<file href="scormcontent/assets/xD0dEh6bfKvbXf-w.jpg" />
<file href="scormcontent/assets/Untitled%20design%20%2899%29.png" />
<file href="scormcontent/assets/Flip%20the%20Coin%20%281%29.gif" />
<file href="scormcontent/assets/Flip%20the%20Coin.gif" />
<file href="scormcontent/assets/Untitled%20design%20-%202025-05-08T131013.909.png" />
<file href="scormcontent/assets/Take%20Me%20Off%20Your%20Call%20List.mp3" />
<file href="scormcontent/assets/Untitled%20design%20-%202025-05-08T131225.054.png" />
<file href="scormcontent/assets/Sensitive%20steps%20v2.mp4" />
<file href="scormcontent/assets/Sensitive%20steps%20v2.jpg" />
<file href="scormcontent/assets/TOPXPz/Untitled%20design%20-%202025-05-08T131225.054.png" />
<file href="scormcontent/assets/Untitled%20design%20-%202025-05-08T142429.290.png" />

      <file href="scormcontent/locales/und.js" />

    </resource>
  </resources>
</manifest>
